"id","first_name","last_name","email","phone","practice_areas","active","max_cases","current_case_count","created_at","updated_at"
"audit_id","firm_id","actor_user_id","entity_type","entity_id","action","details","created_at"
"id","phone","name","email","total_calls","last_call_at","created_at","updated_at"
"id","conversation_id","agent_id","caller_phone","caller_name","call_duration","transcript","call_successful","metadata","created_at"
"id","practice_area_id","name","code","priority_score","active","created_at"
"contact_id","firm_id","full_name","best_phone","email","mailing_address","dob","alt_contact_name","alt_contact_relation","alt_contact_phone","created_at"
"0436a99a-e8c3-40f8-b6dc-15ead9f28c95","4c16f09c-af95-4b6c-a5d6-6f45d5df9f74","Contact 20","+15553133856","c20@example.com",NULL,NULL,NULL,NULL,NULL,"2025-09-12 02:35:44"
"053a0742-1d0d-47c6-a9d2-0a336b6f3d6f","0d24d7f4-0630-4595-82af-51b05833bc64","Contact 6","+15551769769","c6@example.com",NULL,NULL,NULL,NULL,NULL,"2025-09-12 02:35:46"
"0a800f87-8243-44f1-b7fd-0c761f0e1275","d041e854-aaf8-4491-a4ac-0dd4d44d4c9c","Contact 6","+15551184219","c6@example.com",NULL,NULL,NULL,NULL,NULL,"2025-09-12 02:35:44"
"0ab53d11-e483-4d6d-b960-5008e850f8d5","f9d3effa-d1c9-4d1e-abc8-7c0365c8ddfd","Contact 15","+15556117367","c15@example.com",NULL,NULL,NULL,NULL,NULL,"2025-09-12 02:35:48"
"0c17b13f-fa15-43e5-9947-d76ce4ec2a1c","4c16f09c-af95-4b6c-a5d6-6f45d5df9f74","Contact 8","+15554252313","c8@example.com",NULL,NULL,NULL,NULL,NULL,"2025-09-12 02:35:43"
"0cd9b1d2-ced2-4d40-a9d0-6b3f88603f36","d041e854-aaf8-4491-a4ac-0dd4d44d4c9c","Contact 12","+15559336794","c12@example.com",NULL,NULL,NULL,NULL,NULL,"2025-09-12 02:35:45"
"0e8c56d7-4dfb-4c5a-b2ca-a632f542718f","f9d3effa-d1c9-4d1e-abc8-7c0365c8ddfd","Contact 13","+15553180848","c13@example.com",NULL,NULL,NULL,NULL,NULL,"2025-09-12 02:35:48"
"11d077ee-54fe-4ec1-8535-ea1e7b1cf1db","f9d3effa-d1c9-4d1e-abc8-7c0365c8ddfd","Contact 8","+15559297515","c8@example.com",NULL,NULL,NULL,NULL,NULL,"2025-09-12 02:35:47"
"12af2530-3720-480d-8ed9-fecb1730eb32","4c16f09c-af95-4b6c-a5d6-6f45d5df9f74","Contact 16","+15557480134","c16@example.com",NULL,NULL,NULL,NULL,NULL,"2025-09-12 02:35:44"
"16d1667f-ecf9-40ff-890b-7f06a05cef2a","4c16f09c-af95-4b6c-a5d6-6f45d5df9f74","Contact 10","+15551230173","c10@example.com",NULL,NULL,NULL,NULL,NULL,"2025-09-12 02:35:43"
"1a66c556-1e05-4539-884d-42fdd9a0cdcf","0d24d7f4-0630-4595-82af-51b05833bc64","Contact 15","+15559553034","c15@example.com",NULL,NULL,NULL,NULL,NULL,"2025-09-12 02:35:47"
"1b0525ab-e143-411d-bae0-91103ad55acb","eadbdc37-ad9d-4ef7-aa72-74ac987129fa","Contact 4","+15551062063","c4@example.com",NULL,NULL,NULL,NULL,NULL,"2025-09-12 02:35:41"
"1b1bb41b-ddd3-4fe1-a59c-d219ce98f9f1","eadbdc37-ad9d-4ef7-aa72-74ac987129fa","Contact 19","+15555638447","c19@example.com",NULL,NULL,NULL,NULL,NULL,"2025-09-12 02:35:42"
"1d6528d8-0aa0-4440-979b-a731208dc273","f9d3effa-d1c9-4d1e-abc8-7c0365c8ddfd","Contact 16","+15557647265","c16@example.com",NULL,NULL,NULL,NULL,NULL,"2025-09-12 02:35:48"
"278bf483-2b48-4134-b377-5e080928c323","eadbdc37-ad9d-4ef7-aa72-74ac987129fa","Contact 16","+15554667019","c16@example.com",NULL,NULL,NULL,NULL,NULL,"2025-09-12 02:35:42"
"2f899204-c1dc-4961-b5d4-94bc0334d4bb","eadbdc37-ad9d-4ef7-aa72-74ac987129fa","Contact 18","+15558563173","c18@example.com",NULL,NULL,NULL,NULL,NULL,"2025-09-12 02:35:42"
"3224e7a2-bcc3-4998-bab1-726b3b87f7a3","f9d3effa-d1c9-4d1e-abc8-7c0365c8ddfd","Contact 12","+15553885583","c12@example.com",NULL,NULL,NULL,NULL,NULL,"2025-09-12 02:35:48"
"32af850e-220a-44a6-bcd5-fda34291a322","d041e854-aaf8-4491-a4ac-0dd4d44d4c9c","Contact 3","+15556997126","c3@example.com",NULL,NULL,NULL,NULL,NULL,"2025-09-12 02:35:44"
"335f4d21-3b27-4da6-903b-3bf814a6555b","0d24d7f4-0630-4595-82af-51b05833bc64","Contact 14","+15555857860","c14@example.com",NULL,NULL,NULL,NULL,NULL,"2025-09-12 02:35:46"
"35cb1824-37ef-4f2a-931a-615fc729dec7","d041e854-aaf8-4491-a4ac-0dd4d44d4c9c","Contact 14","+15558866645","c14@example.com",NULL,NULL,NULL,NULL,NULL,"2025-09-12 02:35:45"
"37f0f668-a0e8-4f7d-a6e9-a422d9fe2258","0d24d7f4-0630-4595-82af-51b05833bc64","Contact 5","+15558943726","c5@example.com",NULL,NULL,NULL,NULL,NULL,"2025-09-12 02:35:46"
"3ad453c5-1c60-40ed-9a20-a20c4686febe","d041e854-aaf8-4491-a4ac-0dd4d44d4c9c","Contact 18","+15551107980","c18@example.com",NULL,NULL,NULL,NULL,NULL,"2025-09-12 02:35:45"
"3b2b5d34-c548-40f8-9086-20211e802093","f9d3effa-d1c9-4d1e-abc8-7c0365c8ddfd","Contact 17","+15556833964","c17@example.com",NULL,NULL,NULL,NULL,NULL,"2025-09-12 02:35:48"
"3ee6d377-67e5-4d43-bbeb-5bd93deb7637","eadbdc37-ad9d-4ef7-aa72-74ac987129fa","Contact 11","+15552078176","c11@example.com",NULL,NULL,NULL,NULL,NULL,"2025-09-12 02:35:42"
"3f2fe4d9-d58e-4915-b49b-3f872f6e8cf8","0d24d7f4-0630-4595-82af-51b05833bc64","Contact 13","+15552279596","c13@example.com",NULL,NULL,NULL,NULL,NULL,"2025-09-12 02:35:46"
"4353a5dc-7603-4e1b-915f-02bc77ce6847","4c16f09c-af95-4b6c-a5d6-6f45d5df9f74","Contact 9","+15554728106","c9@example.com",NULL,NULL,NULL,NULL,NULL,"2025-09-12 02:35:43"
"44e60915-39c7-4916-9931-874c8e863305","d041e854-aaf8-4491-a4ac-0dd4d44d4c9c","Contact 13","+15558970399","c13@example.com",NULL,NULL,NULL,NULL,NULL,"2025-09-12 02:35:45"
"4717ba4a-e393-40e0-80af-a59cffa54cc9","0d24d7f4-0630-4595-82af-51b05833bc64","Contact 3","+15552507113","c3@example.com",NULL,NULL,NULL,NULL,NULL,"2025-09-12 02:35:46"
"47c81737-d399-4bb9-9c9b-37f14fd03c33","eadbdc37-ad9d-4ef7-aa72-74ac987129fa","Contact 6","+15555385719","c6@example.com",NULL,NULL,NULL,NULL,NULL,"2025-09-12 02:35:41"
"49523007-3edb-44dd-9684-fb42330cfc38","eadbdc37-ad9d-4ef7-aa72-74ac987129fa","Contact 2","+15556656959","c2@example.com",NULL,NULL,NULL,NULL,NULL,"2025-09-12 02:35:41"
"497d2530-ad19-411e-a827-73ec775c0bfd","0d24d7f4-0630-4595-82af-51b05833bc64","Contact 20","+15557778924","c20@example.com",NULL,NULL,NULL,NULL,NULL,"2025-09-12 02:35:47"
"49989173-dcd4-4026-8b47-2e87df262697","4c16f09c-af95-4b6c-a5d6-6f45d5df9f74","Contact 4","+15557146608","c4@example.com",NULL,NULL,NULL,NULL,NULL,"2025-09-12 02:35:43"
"4f69393a-0f95-4ce9-8afa-174c9208f0d6","f9d3effa-d1c9-4d1e-abc8-7c0365c8ddfd","Contact 6","+15551593394","c6@example.com",NULL,NULL,NULL,NULL,NULL,"2025-09-12 02:35:47"
"52b04ed9-3553-4f38-97cb-591ea61e5a62","eadbdc37-ad9d-4ef7-aa72-74ac987129fa","Contact 7","+15558245766","c7@example.com",NULL,NULL,NULL,NULL,NULL,"2025-09-12 02:35:41"
"55ee73cb-9b67-424c-8e09-598c933407ce","d041e854-aaf8-4491-a4ac-0dd4d44d4c9c","Contact 4","+15556786164","c4@example.com",NULL,NULL,NULL,NULL,NULL,"2025-09-12 02:35:44"
"57fe86ad-dbb3-4064-94d3-526e74f010d1","d041e854-aaf8-4491-a4ac-0dd4d44d4c9c","Contact 7","+15559370857","c7@example.com",NULL,NULL,NULL,NULL,NULL,"2025-09-12 02:35:44"
"59584ae8-0e16-47b8-b5c8-8bb8147bb2ce","f9d3effa-d1c9-4d1e-abc8-7c0365c8ddfd","Contact 7","+15555926818","c7@example.com",NULL,NULL,NULL,NULL,NULL,"2025-09-12 02:35:47"
"5e80e30d-0e77-473c-90a4-73cc066f09e5","0d24d7f4-0630-4595-82af-51b05833bc64","Contact 17","+15555508808","c17@example.com",NULL,NULL,NULL,NULL,NULL,"2025-09-12 02:35:47"
"606e8049-f918-4c3d-bcc8-329568fdf362","4c16f09c-af95-4b6c-a5d6-6f45d5df9f74","Contact 15","+15551558399","c15@example.com",NULL,NULL,NULL,NULL,NULL,"2025-09-12 02:35:43"
"660cb27a-bf58-457f-ae31-617e4a2ab199","0d24d7f4-0630-4595-82af-51b05833bc64","Contact 1","+15552710301","c1@example.com",NULL,NULL,NULL,NULL,NULL,"2025-09-12 02:35:45"
"6c2a4df2-3757-4f97-9b82-ce88c2789f6f","4c16f09c-af95-4b6c-a5d6-6f45d5df9f74","Contact 19","+15554034997","c19@example.com",NULL,NULL,NULL,NULL,NULL,"2025-09-12 02:35:44"
"6c8b2496-9f92-4727-a319-2953a8a19abb","4c16f09c-af95-4b6c-a5d6-6f45d5df9f74","Contact 17","+15554757095","c17@example.com",NULL,NULL,NULL,NULL,NULL,"2025-09-12 02:35:44"
"6def1fc0-ae4e-4022-b4f9-ab9365a4575c","d041e854-aaf8-4491-a4ac-0dd4d44d4c9c","Contact 9","+15555435339","c9@example.com",NULL,NULL,NULL,NULL,NULL,"2025-09-12 02:35:44"
"738e72ca-8f47-4dd1-8676-1bfc7fab477e","eadbdc37-ad9d-4ef7-aa72-74ac987129fa","Greg Kent","+13135886250","situ@ion.May",,NULL,NULL,NULL,NULL,"2025-10-10 00:30:15"
"749642a4-61b4-41e0-a003-555da0402eaf","f9d3effa-d1c9-4d1e-abc8-7c0365c8ddfd","Contact 20","+15559713999","c20@example.com",NULL,NULL,NULL,NULL,NULL,"2025-09-12 02:35:48"
"7820d2ba-65fd-492e-a47f-338d841e331e","f9d3effa-d1c9-4d1e-abc8-7c0365c8ddfd","Contact 11","+15554660337","c11@example.com",NULL,NULL,NULL,NULL,NULL,"2025-09-12 02:35:48"
"7a974532-1b5c-4dfe-9a27-85e6f0d4e6e8","0d24d7f4-0630-4595-82af-51b05833bc64","Contact 19","+15559939437","c19@example.com",NULL,NULL,NULL,NULL,NULL,"2025-09-12 02:35:47"
"7c0e4167-518e-46fa-9e11-713d05d32edf","d041e854-aaf8-4491-a4ac-0dd4d44d4c9c","Contact 10","+15559542561","c10@example.com",NULL,NULL,NULL,NULL,NULL,"2025-09-12 02:35:45"
"7e6917bc-d999-456d-ac19-5b0b45142ae2","f9d3effa-d1c9-4d1e-abc8-7c0365c8ddfd","Contact 2","+15551445763","c2@example.com",NULL,NULL,NULL,NULL,NULL,"2025-09-12 02:35:47"
"80358de1-eba9-4a81-90a2-8fd0e3be074d","0d24d7f4-0630-4595-82af-51b05833bc64","Contact 10","+15554727915","c10@example.com",NULL,NULL,NULL,NULL,NULL,"2025-09-12 02:35:46"
"80e3eaf3-9ee5-42ad-a7d6-01a51f2ddb06","f9d3effa-d1c9-4d1e-abc8-7c0365c8ddfd","Contact 4","+15557878366","c4@example.com",NULL,NULL,NULL,NULL,NULL,"2025-09-12 02:35:47"
"89a14b9b-738b-4172-83ca-333b5baff3a9","d041e854-aaf8-4491-a4ac-0dd4d44d4c9c","Contact 11","+15553306852","c11@example.com",NULL,NULL,NULL,NULL,NULL,"2025-09-12 02:35:45"
"8b863a3e-7078-4f63-950c-038c54b375c1","0d24d7f4-0630-4595-82af-51b05833bc64","Contact 12","+15559304500","c12@example.com",NULL,NULL,NULL,NULL,NULL,"2025-09-12 02:35:46"
"8e14fa25-ae8f-4c6d-a089-208a7c485580","f9d3effa-d1c9-4d1e-abc8-7c0365c8ddfd","Contact 14","+15556579154","c14@example.com",NULL,NULL,NULL,NULL,NULL,"2025-09-12 02:35:48"
"8ed9e64f-1eb6-4276-9a55-27f1e3132a4e","0d24d7f4-0630-4595-82af-51b05833bc64","Contact 8","+15556471508","c8@example.com",NULL,NULL,NULL,NULL,NULL,"2025-09-12 02:35:46"
"8f09d541-17cf-4ed8-987e-a13888ed785d","eadbdc37-ad9d-4ef7-aa72-74ac987129fa","Contact 9","+15557008038","c9@example.com",NULL,NULL,NULL,NULL,NULL,"2025-09-12 02:35:42"
"92bb6646-64f6-4691-9d10-f5481b6994fa","eadbdc37-ad9d-4ef7-aa72-74ac987129fa","Contact 13","+15559915807","c13@example.com",NULL,NULL,NULL,NULL,NULL,"2025-09-12 02:35:42"
"9345fd4b-c972-46be-b976-3aa56f8d4350","0d24d7f4-0630-4595-82af-51b05833bc64","Contact 2","+15559683789","c2@example.com",NULL,NULL,NULL,NULL,NULL,"2025-09-12 02:35:46"
"943648a7-06b2-4c03-9b51-80813b393e31","0d24d7f4-0630-4595-82af-51b05833bc64","Contact 16","+15556620673","c16@example.com",NULL,NULL,NULL,NULL,NULL,"2025-09-12 02:35:47"
"9852a256-24b2-4d6f-939d-df73e458c4eb","eadbdc37-ad9d-4ef7-aa72-74ac987129fa","Contact 1","+15554109714","c1@example.com",NULL,NULL,NULL,NULL,NULL,"2025-09-12 02:35:41"
"9b3bbe65-ec8a-4232-9bf7-30caaaf63820","f9d3effa-d1c9-4d1e-abc8-7c0365c8ddfd","Contact 5","+15553219983","c5@example.com",NULL,NULL,NULL,NULL,NULL,"2025-09-12 02:35:47"
"9dbcd0e6-4948-4d2c-b5ea-85a9fd3b05e9","f9d3effa-d1c9-4d1e-abc8-7c0365c8ddfd","Contact 1","+15552787840","c1@example.com",NULL,NULL,NULL,NULL,NULL,"2025-09-12 02:35:47"
"9dfd06bb-a9de-4661-bc39-c437d11a7300","4c16f09c-af95-4b6c-a5d6-6f45d5df9f74","Contact 12","+15558936027","c12@example.com",NULL,NULL,NULL,NULL,NULL,"2025-09-12 02:35:43"
"a2428ac4-42cc-4bb6-bdb4-1d3d5c3b4385","4c16f09c-af95-4b6c-a5d6-6f45d5df9f74","Contact 6","+15553755952","c6@example.com",NULL,NULL,NULL,NULL,NULL,"2025-09-12 02:35:43"
"a2b95eb4-b3d1-4210-b302-c1a6e3079bb2","4c16f09c-af95-4b6c-a5d6-6f45d5df9f74","Contact 1","+15554361506","c1@example.com",NULL,NULL,NULL,NULL,NULL,"2025-09-12 02:35:42"
"a429bb3c-a107-4837-b7b0-e1ddb3b56f0c","f9d3effa-d1c9-4d1e-abc8-7c0365c8ddfd","Contact 19","+15553894867","c19@example.com",NULL,NULL,NULL,NULL,NULL,"2025-09-12 02:35:48"
"a7266051-9896-482c-9726-fd1246bfabcc","d041e854-aaf8-4491-a4ac-0dd4d44d4c9c","Contact 20","+15558577351","c20@example.com",NULL,NULL,NULL,NULL,NULL,"2025-09-12 02:35:45"
"a77e302b-b85a-4f5d-be52-82e36f557de3","eadbdc37-ad9d-4ef7-aa72-74ac987129fa","Contact 20","+15552992540","c20@example.com",NULL,NULL,NULL,NULL,NULL,"2025-09-12 02:35:42"
"a7a579a4-ffc9-4dc7-ac0d-4f09534aeb7f","eadbdc37-ad9d-4ef7-aa72-74ac987129fa","Contact 10","+15551238259","c10@example.com",NULL,NULL,NULL,NULL,NULL,"2025-09-12 02:35:42"
"a8a2fb78-cfe1-4cbc-b301-f13ee67ecf68","4c16f09c-af95-4b6c-a5d6-6f45d5df9f74","Contact 5","+15551252322","c5@example.com",NULL,NULL,NULL,NULL,NULL,"2025-09-12 02:35:43"
"b001b34f-21f9-4d20-b191-f9742bdf8c64","d041e854-aaf8-4491-a4ac-0dd4d44d4c9c","Contact 19","+15559904399","c19@example.com",NULL,NULL,NULL,NULL,NULL,"2025-09-12 02:35:45"
"b2c8db43-fd9b-4787-aa7e-5e8e7417e7fc","eadbdc37-ad9d-4ef7-aa72-74ac987129fa","Contact 5","+15551943449","c5@example.com",NULL,NULL,NULL,NULL,NULL,"2025-09-12 02:35:41"
"b4343d2b-47fa-4a18-b690-c3a8b9333df8","eadbdc37-ad9d-4ef7-aa72-74ac987129fa","Contact 3","+15552125206","c3@example.com",NULL,NULL,NULL,NULL,NULL,"2025-09-12 02:35:41"
"b43af19a-4ec1-454a-89d4-6c542571dbd9","f9d3effa-d1c9-4d1e-abc8-7c0365c8ddfd","Contact 9","+15558302148","c9@example.com",NULL,NULL,NULL,NULL,NULL,"2025-09-12 02:35:48"
"b454b341-5676-4fee-8fd3-cf91bb339f54","0d24d7f4-0630-4595-82af-51b05833bc64","Contact 9","+15552166808","c9@example.com",NULL,NULL,NULL,NULL,NULL,"2025-09-12 02:35:46"
"b4a24779-8aa5-47d5-9b7c-c6b87f75e52d","0d24d7f4-0630-4595-82af-51b05833bc64","Contact 7","+15555281371","c7@example.com",NULL,NULL,NULL,NULL,NULL,"2025-09-12 02:35:46"
"b6ed58cb-dd4c-44d4-8e80-b63a4a6927dd","eadbdc37-ad9d-4ef7-aa72-74ac987129fa","Contact 17","+15551116271","c17@example.com",NULL,NULL,NULL,NULL,NULL,"2025-09-12 02:35:42"
"bbea86d7-7d7a-4e19-a9cd-6da17526dbe6","4c16f09c-af95-4b6c-a5d6-6f45d5df9f74","Contact 3","+15557963959","c3@example.com",NULL,NULL,NULL,NULL,NULL,"2025-09-12 02:35:43"
"bfbe2eaa-dd5f-4789-98b2-95b2deca7342","f9d3effa-d1c9-4d1e-abc8-7c0365c8ddfd","Contact 10","+15554286325","c10@example.com",NULL,NULL,NULL,NULL,NULL,"2025-09-12 02:35:48"
"c227e299-d658-4af8-b83b-ec3a2b456e58","4c16f09c-af95-4b6c-a5d6-6f45d5df9f74","Contact 11","+15551701915","c11@example.com",NULL,NULL,NULL,NULL,NULL,"2025-09-12 02:35:43"
"c801cb73-d829-47b2-84e7-2fabc24e8e75","4c16f09c-af95-4b6c-a5d6-6f45d5df9f74","Contact 2","+15554408736","c2@example.com",NULL,NULL,NULL,NULL,NULL,"2025-09-12 02:35:42"
"ce4488da-2e55-480a-9343-3aa8de827cf2","0d24d7f4-0630-4595-82af-51b05833bc64","Contact 18","+15551194981","c18@example.com",NULL,NULL,NULL,NULL,NULL,"2025-09-12 02:35:47"
"cfd6b347-8674-4327-9798-b37803c096f6","4c16f09c-af95-4b6c-a5d6-6f45d5df9f74","Contact 13","+15553734008","c13@example.com",NULL,NULL,NULL,NULL,NULL,"2025-09-12 02:35:43"
"d4a90cdf-ccc9-4c37-803f-7045109c5a74","d041e854-aaf8-4491-a4ac-0dd4d44d4c9c","Contact 8","+15551516479","c8@example.com",NULL,NULL,NULL,NULL,NULL,"2025-09-12 02:35:44"
"d54b893c-bab8-45b0-b4fe-e70f3c3ba165","4c16f09c-af95-4b6c-a5d6-6f45d5df9f74","Contact 18","+15552395415","c18@example.com",NULL,NULL,NULL,NULL,NULL,"2025-09-12 02:35:44"
"d6c45010-6950-4e2d-b170-41aeececd612","4c16f09c-af95-4b6c-a5d6-6f45d5df9f74","Contact 7","+15553022117","c7@example.com",NULL,NULL,NULL,NULL,NULL,"2025-09-12 02:35:43"
"d8f8184a-382d-4daa-9410-c2ad69d09a25","f9d3effa-d1c9-4d1e-abc8-7c0365c8ddfd","Contact 18","+15559322598","c18@example.com",NULL,NULL,NULL,NULL,NULL,"2025-09-12 02:35:48"
"dc2e5390-b192-4411-9609-b72acde277cb","0d24d7f4-0630-4595-82af-51b05833bc64","Contact 11","+15552759788","c11@example.com",NULL,NULL,NULL,NULL,NULL,"2025-09-12 02:35:46"
"de9916c2-5b28-4e23-b0ce-a7cd5648f4ec","0d24d7f4-0630-4595-82af-51b05833bc64","Contact 4","+15555391504","c4@example.com",NULL,NULL,NULL,NULL,NULL,"2025-09-12 02:35:46"
"ded7f4b9-f63e-4cc9-b63d-65f0b59763f6","f9d3effa-d1c9-4d1e-abc8-7c0365c8ddfd","Contact 3","+15551988241","c3@example.com",NULL,NULL,NULL,NULL,NULL,"2025-09-12 02:35:47"
"e0f8f044-f6fe-4378-951c-1f0a54bef7fd","d041e854-aaf8-4491-a4ac-0dd4d44d4c9c","Contact 2","+15557005064","c2@example.com",NULL,NULL,NULL,NULL,NULL,"2025-09-12 02:35:44"
"e1332931-8b21-41c4-9a85-aefedcd34fd2","eadbdc37-ad9d-4ef7-aa72-74ac987129fa","Contact 8","+15558420203","c8@example.com",NULL,NULL,NULL,NULL,NULL,"2025-09-12 02:35:41"
"e1c941b6-5237-46fa-a4de-5a85232fab48","eadbdc37-ad9d-4ef7-aa72-74ac987129fa","Contact 15","+15552261278","c15@example.com",NULL,NULL,NULL,NULL,NULL,"2025-09-12 02:35:42"
"e87e06ba-5cf5-4e6d-902e-fc6fb380af02","d041e854-aaf8-4491-a4ac-0dd4d44d4c9c","Contact 17","+15551557152","c17@example.com",NULL,NULL,NULL,NULL,NULL,"2025-09-12 02:35:45"
"f27744b7-2593-464f-beb7-925e11483066","4c16f09c-af95-4b6c-a5d6-6f45d5df9f74","Contact 14","+15556899329","c14@example.com",NULL,NULL,NULL,NULL,NULL,"2025-09-12 02:35:43"
"f64c33ff-f6d3-4c51-af88-50bdb8d147bb","d041e854-aaf8-4491-a4ac-0dd4d44d4c9c","Contact 1","+15557322966","c1@example.com",NULL,NULL,NULL,NULL,NULL,"2025-09-12 02:35:44"
"f8627539-b0c6-4712-9ab2-2c8bc7a15466","eadbdc37-ad9d-4ef7-aa72-74ac987129fa","Contact 14","+15554797479","c14@example.com",NULL,NULL,NULL,NULL,NULL,"2025-09-12 02:35:42"
"fb7e21bd-7480-4780-8a10-6010abc9a4d1","d041e854-aaf8-4491-a4ac-0dd4d44d4c9c","Contact 15","+15554770908","c15@example.com",NULL,NULL,NULL,NULL,NULL,"2025-09-12 02:35:45"
"fc11a54b-ffcb-4fe6-958e-217b25f7e360","eadbdc37-ad9d-4ef7-aa72-74ac987129fa","Contact 12","+15556169777","c12@example.com",NULL,NULL,NULL,NULL,NULL,"2025-09-12 02:35:42"
"fe69f7d1-fead-47db-8f81-446bdc45dfdc","d041e854-aaf8-4491-a4ac-0dd4d44d4c9c","Contact 5","+15557331519","c5@example.com",NULL,NULL,NULL,NULL,NULL,"2025-09-12 02:35:44"
"fe73aced-e482-4424-859e-7219aec9270b","eadbdc37-ad9d-4ef7-aa72-74ac987129fa",,"+12486717803",,,NULL,NULL,NULL,NULL,"2025-10-10 00:30:15"
"ff48c13f-ec5d-4123-9fd4-0760404618ef","d041e854-aaf8-4491-a4ac-0dd4d44d4c9c","Contact 16","+15557269755","c16@example.com",NULL,NULL,NULL,NULL,NULL,"2025-09-12 02:35:45"
"firm_id","name","timezone","created_at"
"0561ef24-545d-4297-8239-b127426300f2","CBRE","America/New_York","2025-09-12 17:43:28"
"0d24d7f4-0630-4595-82af-51b05833bc64","Firm 4","America/New_York","2025-09-12 02:35:40"
"4c16f09c-af95-4b6c-a5d6-6f45d5df9f74","Firm 2","America/New_York","2025-09-12 02:35:40"
"d041e854-aaf8-4491-a4ac-0dd4d44d4c9c","Firm 3","America/New_York","2025-09-12 02:35:40"
"eadbdc37-ad9d-4ef7-aa72-74ac987129fa","Firm 1","America/New_York","2025-09-12 02:35:40"
"f9d3effa-d1c9-4d1e-abc8-7c0365c8ddfd","Firm 5","America/New_York","2025-09-12 02:35:40"
"firm_id","elevenlabs","twilio","agent","updated_at"
"incident_id","lead_id","date_of_incident","location","description","injuries","providers","police_report","witnesses","photos_or_video","defendant_info","insurance_info","created_at"
"6ff221c6-e9a2-4322-bdc6-172de62612d3","09eb3506-229a-4b47-b3ec-ca9f7ff61637",NULL,"Southfield","I am calling because I was in a car accident. I was driving on telegraph in Southfield and somebody rear-ended me at a red light",NULL,NULL,"0",NULL,NULL,"{""driver_at_fault"": ""other_party""}",NULL,"2025-10-10 00:30:15"
"d2ce8a5e-83fd-4811-9060-b3e704593e03","f62adafa-f685-417f-a806-b570ddb75ba1",NULL,,,NULL,NULL,"0",NULL,NULL,"{""driver_at_fault"": ""unknown""}",NULL,"2025-10-10 00:30:15"
"id","firm_id","case_type_id","caller_phone","session_data","current_question_id","status","created_at","completed_at"
"lead_id","firm_id","contact_id","status","scenario","urgency_index","urgency_rationale","sol_deadline","days_to_sol","within_sol","referral_source","campaign_id","elevenlabs_call_id","idempotency_key","assignee_user_id","created_at"
"092742e8-c851-4278-aed9-1e83823d476c","4c16f09c-af95-4b6c-a5d6-6f45d5df9f74","9dfd06bb-a9de-4661-bc39-c437d11a7300","DEFERRED","PREMISES","3",NULL,NULL,NULL,"1",NULL,NULL,NULL,NULL,NULL,"2025-09-12 02:35:43"
"093ac0c6-2aee-47e2-8537-2c5738e3bf66","eadbdc37-ad9d-4ef7-aa72-74ac987129fa","3ee6d377-67e5-4d43-bbeb-5bd93deb7637","CONSULT_SCHEDULED","MOTOR_VEHICLE","1",NULL,NULL,NULL,"1",NULL,NULL,NULL,NULL,NULL,"2025-09-12 02:35:42"
"09eb3506-229a-4b47-b3ec-ca9f7ff61637","eadbdc37-ad9d-4ef7-aa72-74ac987129fa","738e72ca-8f47-4dd1-8676-1bfc7fab477e","NEW","MOTOR_VEHICLE","1",NULL,NULL,NULL,"1","AI Phone Intake",NULL,"conv_6301k75m2vk9ftv98z29a30b666w",NULL,NULL,"2025-10-10 00:30:15"
"0b9bde70-2da3-4fa9-9919-71a403defe2d","d041e854-aaf8-4491-a4ac-0dd4d44d4c9c","57fe86ad-dbb3-4064-94d3-526e74f010d1","DECLINED","MOTOR_VEHICLE","1",NULL,NULL,NULL,"1",NULL,NULL,NULL,NULL,NULL,"2025-09-12 02:35:44"
"0caa7153-dac8-4cb8-b6f6-8e7da8a56428","f9d3effa-d1c9-4d1e-abc8-7c0365c8ddfd","8e14fa25-ae8f-4c6d-a089-208a7c485580","NEW","OTHER","5",NULL,NULL,NULL,"1",NULL,NULL,NULL,NULL,NULL,"2025-09-12 02:35:48"
"0d4f1d0e-1edc-4435-999d-70306aa29bc5","4c16f09c-af95-4b6c-a5d6-6f45d5df9f74","606e8049-f918-4c3d-bcc8-329568fdf362","RETAINER_OUT","WORKLOSS","5",NULL,NULL,NULL,"1",NULL,NULL,NULL,NULL,NULL,"2025-09-12 02:35:43"
"0def8719-3b34-4ee3-9e08-98d56ecb35d2","0d24d7f4-0630-4595-82af-51b05833bc64","9345fd4b-c972-46be-b976-3aa56f8d4350","SCREENING","MOTOR_VEHICLE","5",NULL,NULL,NULL,"1",NULL,NULL,NULL,NULL,NULL,"2025-09-12 02:35:46"
"1279856a-80eb-462a-9993-ff62a2e8e440","d041e854-aaf8-4491-a4ac-0dd4d44d4c9c","7c0e4167-518e-46fa-9e11-713d05d32edf","CONSULT_SCHEDULED","MEDICAL","3",NULL,NULL,NULL,"1",NULL,NULL,NULL,NULL,NULL,"2025-09-12 02:35:45"
"1e40319f-f244-4d7c-b3f4-5d1f26e3cb62","eadbdc37-ad9d-4ef7-aa72-74ac987129fa","fc11a54b-ffcb-4fe6-958e-217b25f7e360","SIGNED","MEDICAL","1",NULL,NULL,NULL,"1",NULL,NULL,NULL,NULL,NULL,"2025-09-12 02:35:42"
"217b27ac-ab00-4f37-9015-92e6934c00e4","4c16f09c-af95-4b6c-a5d6-6f45d5df9f74","6c8b2496-9f92-4727-a319-2953a8a19abb","DEFERRED","MEDICAL","1",NULL,NULL,NULL,"1",NULL,NULL,NULL,NULL,NULL,"2025-09-12 02:35:44"
"2390ab76-05ad-4e3e-a8ce-bd2736bbf006","d041e854-aaf8-4491-a4ac-0dd4d44d4c9c","89a14b9b-738b-4172-83ca-333b5baff3a9","CONSULT_SCHEDULED","MOTOR_VEHICLE","3",NULL,NULL,NULL,"1",NULL,NULL,NULL,NULL,NULL,"2025-09-12 02:35:45"
"25435481-e64f-4c6b-898e-aa75e75d7a16","d041e854-aaf8-4491-a4ac-0dd4d44d4c9c","e0f8f044-f6fe-4378-951c-1f0a54bef7fd","QUALIFIED","WORKLOSS","5",NULL,NULL,NULL,"1",NULL,NULL,NULL,NULL,NULL,"2025-09-12 02:35:44"
"25fa863b-3a91-4726-a87b-bbee955a45c4","eadbdc37-ad9d-4ef7-aa72-74ac987129fa","278bf483-2b48-4134-b377-5e080928c323","CONSULT_SCHEDULED","WORKLOSS","3",NULL,NULL,NULL,"1",NULL,NULL,NULL,NULL,NULL,"2025-09-12 02:35:42"
"28252d9a-9431-4100-940f-038230c1d102","eadbdc37-ad9d-4ef7-aa72-74ac987129fa","e1c941b6-5237-46fa-a4de-5a85232fab48","CONSULT_SCHEDULED","WORKLOSS","5",NULL,NULL,NULL,"1",NULL,NULL,NULL,NULL,NULL,"2025-09-12 02:35:42"
"2a5527e9-2f4a-4261-b1b9-19f6a97d78bc","d041e854-aaf8-4491-a4ac-0dd4d44d4c9c","44e60915-39c7-4916-9931-874c8e863305","DEFERRED","EMPLOYMENT","4",NULL,NULL,NULL,"1",NULL,NULL,NULL,NULL,NULL,"2025-09-12 02:35:45"
"2cff792b-2497-490b-8c09-3295f9ae7fa1","0d24d7f4-0630-4595-82af-51b05833bc64","660cb27a-bf58-457f-ae31-617e4a2ab199","QUALIFIED","MEDICAL","1",NULL,NULL,NULL,"1",NULL,NULL,NULL,NULL,NULL,"2025-09-12 02:35:46"
"358e3b62-7e46-45af-97bc-b5f173927c31","4c16f09c-af95-4b6c-a5d6-6f45d5df9f74","a2428ac4-42cc-4bb6-bdb4-1d3d5c3b4385","SCREENING","MOTOR_VEHICLE","3",NULL,NULL,NULL,"1",NULL,NULL,NULL,NULL,NULL,"2025-09-12 02:35:43"
"37b4c12e-2c13-49a9-9360-0478a493150f","eadbdc37-ad9d-4ef7-aa72-74ac987129fa","b6ed58cb-dd4c-44d4-8e80-b63a4a6927dd","SIGNED","EMPLOYMENT","5",NULL,NULL,NULL,"1",NULL,NULL,NULL,NULL,NULL,"2025-09-12 02:35:42"
"38503f91-7314-44db-a046-e37fde9d14e1","4c16f09c-af95-4b6c-a5d6-6f45d5df9f74","c801cb73-d829-47b2-84e7-2fabc24e8e75","CONFLICT","EMPLOYMENT","1",NULL,NULL,NULL,"1",NULL,NULL,NULL,NULL,NULL,"2025-09-12 02:35:43"
"39cdbc5f-db68-4ae2-9888-1d58b640bc50","eadbdc37-ad9d-4ef7-aa72-74ac987129fa","a77e302b-b85a-4f5d-be52-82e36f557de3","RETAINER_OUT","EMPLOYMENT","2",NULL,NULL,NULL,"1",NULL,NULL,NULL,NULL,NULL,"2025-09-12 02:35:42"
"3d19fe14-093e-46a8-8092-ae695d196ab9","4c16f09c-af95-4b6c-a5d6-6f45d5df9f74","c227e299-d658-4af8-b83b-ec3a2b456e58","SCREENING","MEDICAL","3",NULL,NULL,NULL,"1",NULL,NULL,NULL,NULL,NULL,"2025-09-12 02:35:43"
"4377aa28-1d9e-4b29-be09-5df555f29d56","f9d3effa-d1c9-4d1e-abc8-7c0365c8ddfd","3224e7a2-bcc3-4998-bab1-726b3b87f7a3","SIGNED","MEDICAL","3",NULL,NULL,NULL,"1",NULL,NULL,NULL,NULL,NULL,"2025-09-12 02:35:48"
"45d70329-f64a-4a1d-bebd-b7938df00dd0","d041e854-aaf8-4491-a4ac-0dd4d44d4c9c","d4a90cdf-ccc9-4c37-803f-7045109c5a74","SIGNED","PREMISES","1",NULL,NULL,NULL,"1",NULL,NULL,NULL,NULL,NULL,"2025-09-12 02:35:44"
"498f6def-b53e-4644-aae6-df99ba753b0a","4c16f09c-af95-4b6c-a5d6-6f45d5df9f74","a8a2fb78-cfe1-4cbc-b301-f13ee67ecf68","DECLINED","MEDICAL","4",NULL,NULL,NULL,"1",NULL,NULL,NULL,NULL,NULL,"2025-09-12 02:35:43"
"49a6fa81-2353-4ef3-8c0f-650bc6536907","4c16f09c-af95-4b6c-a5d6-6f45d5df9f74","a2b95eb4-b3d1-4210-b302-c1a6e3079bb2","DECLINED","WORKLOSS","5",NULL,NULL,NULL,"1",NULL,NULL,NULL,NULL,NULL,"2025-09-12 02:35:42"
"4acaab5d-24fd-4ae0-b57c-da664331111a","4c16f09c-af95-4b6c-a5d6-6f45d5df9f74","0436a99a-e8c3-40f8-b6dc-15ead9f28c95","NEW","WORKLOSS","1",NULL,NULL,NULL,"1",NULL,NULL,NULL,NULL,NULL,"2025-09-12 02:35:44"
"4b085b03-c0a9-483d-9676-8ba79f78ecb1","eadbdc37-ad9d-4ef7-aa72-74ac987129fa","f8627539-b0c6-4712-9ab2-2c8bc7a15466","CONSULT_SCHEDULED","OTHER","5",NULL,NULL,NULL,"1",NULL,NULL,NULL,NULL,NULL,"2025-09-12 02:35:42"
"4e0f1d9d-e489-4e34-add0-65aeacf522c2","d041e854-aaf8-4491-a4ac-0dd4d44d4c9c","3ad453c5-1c60-40ed-9a20-a20c4686febe","RETAINER_OUT","OTHER","2",NULL,NULL,NULL,"1",NULL,NULL,NULL,NULL,NULL,"2025-09-12 02:35:45"
"4e45758b-d9df-4962-a77f-2accbce8bb7e","4c16f09c-af95-4b6c-a5d6-6f45d5df9f74","0c17b13f-fa15-43e5-9947-d76ce4ec2a1c","DEFERRED","EMPLOYMENT","1",NULL,NULL,NULL,"1",NULL,NULL,NULL,NULL,NULL,"2025-09-12 02:35:43"
"4eb23050-9629-4a4d-a3a2-798cdd7f87a7","eadbdc37-ad9d-4ef7-aa72-74ac987129fa","b2c8db43-fd9b-4787-aa7e-5e8e7417e7fc","CONFLICT","PREMISES","5",NULL,NULL,NULL,"1",NULL,NULL,NULL,NULL,NULL,"2025-09-12 02:35:41"
"4fa2dcf0-8908-41f3-8e8e-951fe39b5024","4c16f09c-af95-4b6c-a5d6-6f45d5df9f74","4353a5dc-7603-4e1b-915f-02bc77ce6847","RETAINER_OUT","MOTOR_VEHICLE","3",NULL,NULL,NULL,"1",NULL,NULL,NULL,NULL,NULL,"2025-09-12 02:35:43"
"502453e3-09bd-4fdd-aa40-bf50618a076a","f9d3effa-d1c9-4d1e-abc8-7c0365c8ddfd","b43af19a-4ec1-454a-89d4-6c542571dbd9","QUALIFIED","MEDICAL","4",NULL,NULL,NULL,"1",NULL,NULL,NULL,NULL,NULL,"2025-09-12 02:35:48"
"51b85217-3906-4ea8-b0a5-c9ac9c12e188","eadbdc37-ad9d-4ef7-aa72-74ac987129fa","2f899204-c1dc-4961-b5d4-94bc0334d4bb","CONSULT_SCHEDULED","PREMISES","1",NULL,NULL,NULL,"1",NULL,NULL,NULL,NULL,NULL,"2025-09-12 02:35:42"
"53a32d79-4f9a-429b-8fb0-3a4dd6d8a962","f9d3effa-d1c9-4d1e-abc8-7c0365c8ddfd","0ab53d11-e483-4d6d-b960-5008e850f8d5","SCREENING","MOTOR_VEHICLE","5",NULL,NULL,NULL,"1",NULL,NULL,NULL,NULL,NULL,"2025-09-12 02:35:48"
"54f32b03-5b98-4bdc-a657-991858e9ac23","d041e854-aaf8-4491-a4ac-0dd4d44d4c9c","b001b34f-21f9-4d20-b191-f9742bdf8c64","NEW","MEDICAL","1",NULL,NULL,NULL,"1",NULL,NULL,NULL,NULL,NULL,"2025-09-12 02:35:45"
"57f550a2-6670-45e5-aa0d-f166e54f66b7","f9d3effa-d1c9-4d1e-abc8-7c0365c8ddfd","3b2b5d34-c548-40f8-9086-20211e802093","CONSULT_SCHEDULED","MEDICAL","1",NULL,NULL,NULL,"1",NULL,NULL,NULL,NULL,NULL,"2025-09-12 02:35:48"
"5a5bdf49-5c45-4287-891b-2932dcb2ebd2","eadbdc37-ad9d-4ef7-aa72-74ac987129fa","47c81737-d399-4bb9-9c9b-37f14fd03c33","CONSULT_SCHEDULED","EMPLOYMENT","5",NULL,NULL,NULL,"1",NULL,NULL,NULL,NULL,NULL,"2025-09-12 02:35:41"
"5d79b514-e042-4fb5-86ce-036caffaf57b","eadbdc37-ad9d-4ef7-aa72-74ac987129fa","1b0525ab-e143-411d-bae0-91103ad55acb","CONSULT_SCHEDULED","OTHER","1",NULL,NULL,NULL,"1",NULL,NULL,NULL,NULL,NULL,"2025-09-12 02:35:41"
"6165fb80-2d2d-4657-be15-1d54899fb86a","d041e854-aaf8-4491-a4ac-0dd4d44d4c9c","ff48c13f-ec5d-4123-9fd4-0760404618ef","NEW","WORKLOSS","4",NULL,NULL,NULL,"1",NULL,NULL,NULL,NULL,NULL,"2025-09-12 02:35:45"
"62ed7a5c-49a0-4296-b9f3-c57a10a3a2db","d041e854-aaf8-4491-a4ac-0dd4d44d4c9c","fe69f7d1-fead-47db-8f81-446bdc45dfdc","DEFERRED","WORKLOSS","3",NULL,NULL,NULL,"1",NULL,NULL,NULL,NULL,NULL,"2025-09-12 02:35:44"
"64167723-ef2b-488b-af25-3074a4c586fc","4c16f09c-af95-4b6c-a5d6-6f45d5df9f74","f27744b7-2593-464f-beb7-925e11483066","DEFERRED","WORKLOSS","5",NULL,NULL,NULL,"1",NULL,NULL,NULL,NULL,NULL,"2025-09-12 02:35:43"
"6b0ed9e0-6004-4116-8b0d-32893838af9c","4c16f09c-af95-4b6c-a5d6-6f45d5df9f74","16d1667f-ecf9-40ff-890b-7f06a05cef2a","NEW","MEDICAL","5",NULL,NULL,NULL,"1",NULL,NULL,NULL,NULL,NULL,"2025-09-12 02:35:43"
"6ccfed10-b11d-4493-be94-cdcf9711736e","f9d3effa-d1c9-4d1e-abc8-7c0365c8ddfd","59584ae8-0e16-47b8-b5c8-8bb8147bb2ce","CONFLICT","MOTOR_VEHICLE","5",NULL,NULL,NULL,"1",NULL,NULL,NULL,NULL,NULL,"2025-09-12 02:35:47"
"6e4c7ce4-c026-46b7-82eb-2ef88be6813a","eadbdc37-ad9d-4ef7-aa72-74ac987129fa","b4343d2b-47fa-4a18-b690-c3a8b9333df8","DEFERRED","OTHER","1",NULL,NULL,NULL,"1",NULL,NULL,NULL,NULL,NULL,"2025-09-12 02:35:41"
"6f09ab85-bc67-40c5-b66f-06f4e485f65a","f9d3effa-d1c9-4d1e-abc8-7c0365c8ddfd","9b3bbe65-ec8a-4232-9bf7-30caaaf63820","DEFERRED","WORKLOSS","4",NULL,NULL,NULL,"1",NULL,NULL,NULL,NULL,NULL,"2025-09-12 02:35:47"
"6fd030f9-7828-4822-8d3a-4117604d16a2","d041e854-aaf8-4491-a4ac-0dd4d44d4c9c","0cd9b1d2-ced2-4d40-a9d0-6b3f88603f36","QUALIFIED","PREMISES","5",NULL,NULL,NULL,"1",NULL,NULL,NULL,NULL,NULL,"2025-09-12 02:35:45"
"716db384-c72e-4dc5-8023-b7fb5ace9695","0d24d7f4-0630-4595-82af-51b05833bc64","4717ba4a-e393-40e0-80af-a59cffa54cc9","QUALIFIED","PREMISES","5",NULL,NULL,NULL,"1",NULL,NULL,NULL,NULL,NULL,"2025-09-12 02:35:46"
"76fe68c6-7f49-47d9-a18f-256419a2eab3","eadbdc37-ad9d-4ef7-aa72-74ac987129fa","e1332931-8b21-41c4-9a85-aefedcd34fd2","QUALIFIED","MOTOR_VEHICLE","2",NULL,NULL,NULL,"1",NULL,NULL,NULL,NULL,NULL,"2025-09-12 02:35:42"
"788219c3-c422-47a0-aff4-976b5180cc54","d041e854-aaf8-4491-a4ac-0dd4d44d4c9c","35cb1824-37ef-4f2a-931a-615fc729dec7","CONSULT_SCHEDULED","WORKLOSS","2",NULL,NULL,NULL,"1",NULL,NULL,NULL,NULL,NULL,"2025-09-12 02:35:45"
"7935ec25-a398-4490-b909-ee2b26b77598","4c16f09c-af95-4b6c-a5d6-6f45d5df9f74","cfd6b347-8674-4327-9798-b37803c096f6","NEW","OTHER","2",NULL,NULL,NULL,"1",NULL,NULL,NULL,NULL,NULL,"2025-09-12 02:35:43"
"7b8b2cd4-a852-4b4e-a582-778bd5143622","d041e854-aaf8-4491-a4ac-0dd4d44d4c9c","a7266051-9896-482c-9726-fd1246bfabcc","SIGNED","MEDICAL","3",NULL,NULL,NULL,"1",NULL,NULL,NULL,NULL,NULL,"2025-09-12 02:35:45"
"8183608e-d4c2-4d92-9353-35b798bf1356","eadbdc37-ad9d-4ef7-aa72-74ac987129fa","8f09d541-17cf-4ed8-987e-a13888ed785d","NEW","OTHER","5",NULL,NULL,NULL,"1",NULL,NULL,NULL,NULL,NULL,"2025-09-12 02:35:42"
"82e4de7b-3420-4a3c-90d6-1c66dc1f395b","eadbdc37-ad9d-4ef7-aa72-74ac987129fa","52b04ed9-3553-4f38-97cb-591ea61e5a62","SIGNED","MOTOR_VEHICLE","4",NULL,NULL,NULL,"1",NULL,NULL,NULL,NULL,NULL,"2025-09-12 02:35:41"
"849ae82f-3f19-4ddb-92f7-dae842c980c1","0d24d7f4-0630-4595-82af-51b05833bc64","3f2fe4d9-d58e-4915-b49b-3f872f6e8cf8","DEFERRED","MOTOR_VEHICLE","2",NULL,NULL,NULL,"1",NULL,NULL,NULL,NULL,NULL,"2025-09-12 02:35:46"
"8744c9ee-3b83-4cd6-ad83-5fb0e9a547a8","f9d3effa-d1c9-4d1e-abc8-7c0365c8ddfd","9dbcd0e6-4948-4d2c-b5ea-85a9fd3b05e9","SCREENING","WORKLOSS","4",NULL,NULL,NULL,"1",NULL,NULL,NULL,NULL,NULL,"2025-09-12 02:35:47"
"87bef793-260e-4a2d-84d6-b9d6aa7ad926","0d24d7f4-0630-4595-82af-51b05833bc64","37f0f668-a0e8-4f7d-a6e9-a422d9fe2258","CONSULT_SCHEDULED","MOTOR_VEHICLE","5",NULL,NULL,NULL,"1",NULL,NULL,NULL,NULL,NULL,"2025-09-12 02:35:46"
"8a268b33-2f1d-44fd-b299-5676f6507d1e","0d24d7f4-0630-4595-82af-51b05833bc64","dc2e5390-b192-4411-9609-b72acde277cb","CONFLICT","EMPLOYMENT","5",NULL,NULL,NULL,"1",NULL,NULL,NULL,NULL,NULL,"2025-09-12 02:35:46"
"8ac74d8d-88c0-49cb-b7d0-f8ce9cf7353a","eadbdc37-ad9d-4ef7-aa72-74ac987129fa","9852a256-24b2-4d6f-939d-df73e458c4eb","CONFLICT","OTHER","3",NULL,NULL,NULL,"1",NULL,NULL,NULL,NULL,NULL,"2025-09-12 02:35:41"
"8c6234db-62d9-4313-95d0-8b01ac0e000e","f9d3effa-d1c9-4d1e-abc8-7c0365c8ddfd","bfbe2eaa-dd5f-4789-98b2-95b2deca7342","SIGNED","EMPLOYMENT","3",NULL,NULL,NULL,"1",NULL,NULL,NULL,NULL,NULL,"2025-09-12 02:35:48"
"901436e4-da8d-4d5f-a67f-2da3f4a2f1ac","f9d3effa-d1c9-4d1e-abc8-7c0365c8ddfd","ded7f4b9-f63e-4cc9-b63d-65f0b59763f6","CONSULT_SCHEDULED","MOTOR_VEHICLE","2",NULL,NULL,NULL,"1",NULL,NULL,NULL,NULL,NULL,"2025-09-12 02:35:47"
"910e80b5-1132-44e0-a6d3-457c81c18f6c","0d24d7f4-0630-4595-82af-51b05833bc64","5e80e30d-0e77-473c-90a4-73cc066f09e5","QUALIFIED","MEDICAL","1",NULL,NULL,NULL,"1",NULL,NULL,NULL,NULL,NULL,"2025-09-12 02:35:47"
"a187786a-c10a-457f-b845-ca66e1050f26","0d24d7f4-0630-4595-82af-51b05833bc64","1a66c556-1e05-4539-884d-42fdd9a0cdcf","DEFERRED","WORKLOSS","4",NULL,NULL,NULL,"1",NULL,NULL,NULL,NULL,NULL,"2025-09-12 02:35:47"
"aad4bf1f-c79d-4408-b87d-eaca43729ca4","4c16f09c-af95-4b6c-a5d6-6f45d5df9f74","6c2a4df2-3757-4f97-9b82-ce88c2789f6f","QUALIFIED","PREMISES","4",NULL,NULL,NULL,"1",NULL,NULL,NULL,NULL,NULL,"2025-09-12 02:35:44"
"aafcf728-ac2c-4b99-86b0-b51e7cdd6d12","eadbdc37-ad9d-4ef7-aa72-74ac987129fa","49523007-3edb-44dd-9684-fb42330cfc38","SIGNED","EMPLOYMENT","3",NULL,NULL,NULL,"1",NULL,NULL,NULL,NULL,NULL,"2025-09-12 02:35:41"
"ac0ac1b6-89f9-4bf1-b7c1-e857d31cffdc","0d24d7f4-0630-4595-82af-51b05833bc64","335f4d21-3b27-4da6-903b-3bf814a6555b","NEW","WORKLOSS","3",NULL,NULL,NULL,"1",NULL,NULL,NULL,NULL,NULL,"2025-09-12 02:35:47"
"acbde2c0-915c-4811-a2c1-40abc51e835f","f9d3effa-d1c9-4d1e-abc8-7c0365c8ddfd","7e6917bc-d999-456d-ac19-5b0b45142ae2","QUALIFIED","MEDICAL","1",NULL,NULL,NULL,"1",NULL,NULL,NULL,NULL,NULL,"2025-09-12 02:35:47"
"ad056d03-d543-408c-af39-d030fc274d66","d041e854-aaf8-4491-a4ac-0dd4d44d4c9c","32af850e-220a-44a6-bcd5-fda34291a322","SCREENING","WORKLOSS","1",NULL,NULL,NULL,"1",NULL,NULL,NULL,NULL,NULL,"2025-09-12 02:35:44"
"af47b5ee-3970-4fb9-8d7b-48e9cded8795","0d24d7f4-0630-4595-82af-51b05833bc64","943648a7-06b2-4c03-9b51-80813b393e31","RETAINER_OUT","OTHER","4",NULL,NULL,NULL,"1",NULL,NULL,NULL,NULL,NULL,"2025-09-12 02:35:47"
"b1a09482-0d0e-4069-9adf-058c9972c482","d041e854-aaf8-4491-a4ac-0dd4d44d4c9c","55ee73cb-9b67-424c-8e09-598c933407ce","CONSULT_SCHEDULED","MOTOR_VEHICLE","1",NULL,NULL,NULL,"1",NULL,NULL,NULL,NULL,NULL,"2025-09-12 02:35:44"
"b2f8845c-a2da-4945-a7ad-c382736f99f4","4c16f09c-af95-4b6c-a5d6-6f45d5df9f74","49989173-dcd4-4026-8b47-2e87df262697","NEW","MEDICAL","3",NULL,NULL,NULL,"1",NULL,NULL,NULL,NULL,NULL,"2025-09-12 02:35:43"
"b4c34920-489c-406e-acd3-fd81616ab774","0d24d7f4-0630-4595-82af-51b05833bc64","ce4488da-2e55-480a-9343-3aa8de827cf2","QUALIFIED","WORKLOSS","2",NULL,NULL,NULL,"1",NULL,NULL,NULL,NULL,NULL,"2025-09-12 02:35:47"
"b89fc914-c16f-42ed-b976-4a9fdf0847a2","f9d3effa-d1c9-4d1e-abc8-7c0365c8ddfd","1d6528d8-0aa0-4440-979b-a731208dc273","SIGNED","EMPLOYMENT","3",NULL,NULL,NULL,"1",NULL,NULL,NULL,NULL,NULL,"2025-09-12 02:35:48"
"baaffc90-b02b-456f-86ec-3ec60ee81f4d","eadbdc37-ad9d-4ef7-aa72-74ac987129fa","a7a579a4-ffc9-4dc7-ac0d-4f09534aeb7f","DECLINED","MEDICAL","3",NULL,NULL,NULL,"1",NULL,NULL,NULL,NULL,NULL,"2025-09-12 02:35:42"
"bb2ef311-fe33-44b5-9548-0035ac6af70d","d041e854-aaf8-4491-a4ac-0dd4d44d4c9c","f64c33ff-f6d3-4c51-af88-50bdb8d147bb","CONSULT_SCHEDULED","OTHER","3",NULL,NULL,NULL,"1",NULL,NULL,NULL,NULL,NULL,"2025-09-12 02:35:44"
"c12a0300-8a9f-407e-9644-39d2426402df","d041e854-aaf8-4491-a4ac-0dd4d44d4c9c","fb7e21bd-7480-4780-8a10-6010abc9a4d1","DECLINED","EMPLOYMENT","3",NULL,NULL,NULL,"1",NULL,NULL,NULL,NULL,NULL,"2025-09-12 02:35:45"
"c39f3970-b448-433b-a39b-6c079458521e","0d24d7f4-0630-4595-82af-51b05833bc64","de9916c2-5b28-4e23-b0ce-a7cd5648f4ec","QUALIFIED","MEDICAL","2",NULL,NULL,NULL,"1",NULL,NULL,NULL,NULL,NULL,"2025-09-12 02:35:46"
"c53fa5d9-1b6c-4035-becb-1917115c263b","0d24d7f4-0630-4595-82af-51b05833bc64","053a0742-1d0d-47c6-a9d2-0a336b6f3d6f","DECLINED","WORKLOSS","3",NULL,NULL,NULL,"1",NULL,NULL,NULL,NULL,NULL,"2025-09-12 02:35:46"
"ca6f7a96-b8b2-4ef2-ae71-a38609d18f05","d041e854-aaf8-4491-a4ac-0dd4d44d4c9c","e87e06ba-5cf5-4e6d-902e-fc6fb380af02","CONFLICT","PREMISES","4",NULL,NULL,NULL,"1",NULL,NULL,NULL,NULL,NULL,"2025-09-12 02:35:45"
"cd26d557-24f2-411a-9ef6-6734531ac89d","0d24d7f4-0630-4595-82af-51b05833bc64","8ed9e64f-1eb6-4276-9a55-27f1e3132a4e","RETAINER_OUT","PREMISES","4",NULL,NULL,NULL,"1",NULL,NULL,NULL,NULL,NULL,"2025-09-12 02:35:46"
"cfa510cb-b32a-4fc8-b440-86315d7e60a7","f9d3effa-d1c9-4d1e-abc8-7c0365c8ddfd","4f69393a-0f95-4ce9-8afa-174c9208f0d6","CONFLICT","WORKLOSS","1",NULL,NULL,NULL,"1",NULL,NULL,NULL,NULL,NULL,"2025-09-12 02:35:47"
"d3109fbc-9c05-4c8f-91df-bb641bb67799","f9d3effa-d1c9-4d1e-abc8-7c0365c8ddfd","7820d2ba-65fd-492e-a47f-338d841e331e","SCREENING","EMPLOYMENT","5",NULL,NULL,NULL,"1",NULL,NULL,NULL,NULL,NULL,"2025-09-12 02:35:48"
"d41231ea-8582-4789-b0e2-c8d051740ec4","4c16f09c-af95-4b6c-a5d6-6f45d5df9f74","bbea86d7-7d7a-4e19-a9cd-6da17526dbe6","SCREENING","EMPLOYMENT","1",NULL,NULL,NULL,"1",NULL,NULL,NULL,NULL,NULL,"2025-09-12 02:35:43"
"d840b292-d161-49d5-bd8e-3e6ce64f58c6","0d24d7f4-0630-4595-82af-51b05833bc64","7a974532-1b5c-4dfe-9a27-85e6f0d4e6e8","DEFERRED","MOTOR_VEHICLE","2",NULL,NULL,NULL,"1",NULL,NULL,NULL,NULL,NULL,"2025-09-12 02:35:47"
"d900ba74-af9c-4343-a8c1-ae001d004ab5","4c16f09c-af95-4b6c-a5d6-6f45d5df9f74","12af2530-3720-480d-8ed9-fecb1730eb32","QUALIFIED","OTHER","5",NULL,NULL,NULL,"1",NULL,NULL,NULL,NULL,NULL,"2025-09-12 02:35:44"
"dae02558-4de8-4af8-b316-75988c8abe53","4c16f09c-af95-4b6c-a5d6-6f45d5df9f74","d54b893c-bab8-45b0-b4fe-e70f3c3ba165","SCREENING","OTHER","5",NULL,NULL,NULL,"1",NULL,NULL,NULL,NULL,NULL,"2025-09-12 02:35:44"
"dc782799-e123-492c-a659-bf201958a206","f9d3effa-d1c9-4d1e-abc8-7c0365c8ddfd","d8f8184a-382d-4daa-9410-c2ad69d09a25","QUALIFIED","OTHER","4",NULL,NULL,NULL,"1",NULL,NULL,NULL,NULL,NULL,"2025-09-12 02:35:48"
"dc7fff23-45d9-473e-96bd-845fc3522445","eadbdc37-ad9d-4ef7-aa72-74ac987129fa","92bb6646-64f6-4691-9d10-f5481b6994fa","RETAINER_OUT","OTHER","1",NULL,NULL,NULL,"1",NULL,NULL,NULL,NULL,NULL,"2025-09-12 02:35:42"
"e28d8077-2e31-4a39-a645-b80e283a6867","0d24d7f4-0630-4595-82af-51b05833bc64","497d2530-ad19-411e-a827-73ec775c0bfd","SIGNED","MEDICAL","1",NULL,NULL,NULL,"1",NULL,NULL,NULL,NULL,NULL,"2025-09-12 02:35:47"
"ea378aae-3218-474e-93e8-9a741c8a1df6","eadbdc37-ad9d-4ef7-aa72-74ac987129fa","1b1bb41b-ddd3-4fe1-a59c-d219ce98f9f1","DEFERRED","WORKLOSS","4",NULL,NULL,NULL,"1",NULL,NULL,NULL,NULL,NULL,"2025-09-12 02:35:42"
"ec65dd99-d596-45a4-85dd-74669a516fb1","f9d3effa-d1c9-4d1e-abc8-7c0365c8ddfd","749642a4-61b4-41e0-a003-555da0402eaf","QUALIFIED","MEDICAL","4",NULL,NULL,NULL,"1",NULL,NULL,NULL,NULL,NULL,"2025-09-12 02:35:48"
"ee0a788d-bc22-48c3-994f-24bf54ef10c7","f9d3effa-d1c9-4d1e-abc8-7c0365c8ddfd","80e3eaf3-9ee5-42ad-a7d6-01a51f2ddb06","SIGNED","MOTOR_VEHICLE","5",NULL,NULL,NULL,"1",NULL,NULL,NULL,NULL,NULL,"2025-09-12 02:35:47"
"ee0caf54-d06a-41c7-8a8c-26b06c44c983","f9d3effa-d1c9-4d1e-abc8-7c0365c8ddfd","a429bb3c-a107-4837-b7b0-e1ddb3b56f0c","SCREENING","WORKLOSS","5",NULL,NULL,NULL,"1",NULL,NULL,NULL,NULL,NULL,"2025-09-12 02:35:48"
"f0e26c91-0570-429f-8fca-e4b324c3f01d","4c16f09c-af95-4b6c-a5d6-6f45d5df9f74","d6c45010-6950-4e2d-b170-41aeececd612","DECLINED","OTHER","1",NULL,NULL,NULL,"1",NULL,NULL,NULL,NULL,NULL,"2025-09-12 02:35:43"
"f0e59892-50ec-4e28-90fc-725af912f822","d041e854-aaf8-4491-a4ac-0dd4d44d4c9c","6def1fc0-ae4e-4022-b4f9-ab9365a4575c","DEFERRED","MEDICAL","3",NULL,NULL,NULL,"1",NULL,NULL,NULL,NULL,NULL,"2025-09-12 02:35:44"
"f133ec9d-e031-409b-8252-62d278442e63","f9d3effa-d1c9-4d1e-abc8-7c0365c8ddfd","11d077ee-54fe-4ec1-8535-ea1e7b1cf1db","DECLINED","OTHER","3",NULL,NULL,NULL,"1",NULL,NULL,NULL,NULL,NULL,"2025-09-12 02:35:48"
"f4d64b4a-99bf-4296-b785-44560a0f6c54","0d24d7f4-0630-4595-82af-51b05833bc64","b454b341-5676-4fee-8fd3-cf91bb339f54","CONSULT_SCHEDULED","PREMISES","1",NULL,NULL,NULL,"1",NULL,NULL,NULL,NULL,NULL,"2025-09-12 02:35:46"
"f57f3186-f39a-42a6-9cf7-8844b42459c6","0d24d7f4-0630-4595-82af-51b05833bc64","b4a24779-8aa5-47d5-9b7c-c6b87f75e52d","CONSULT_SCHEDULED","WORKLOSS","5",NULL,NULL,NULL,"1",NULL,NULL,NULL,NULL,NULL,"2025-09-12 02:35:46"
"f62adafa-f685-417f-a806-b570ddb75ba1","eadbdc37-ad9d-4ef7-aa72-74ac987129fa","fe73aced-e482-4424-859e-7219aec9270b","NEW","OTHER","1",NULL,NULL,NULL,"1","AI Phone Intake",NULL,"conv_3501k5eqed81ehq9gzmt623zjv5g",NULL,NULL,"2025-10-10 00:30:15"
"f72cea6e-88d9-4c67-ae06-6b5b806b58a6","f9d3effa-d1c9-4d1e-abc8-7c0365c8ddfd","0e8c56d7-4dfb-4c5a-b2ca-a632f542718f","QUALIFIED","PREMISES","1",NULL,NULL,NULL,"1",NULL,NULL,NULL,NULL,NULL,"2025-09-12 02:35:48"
"f9c9251f-56c8-46ae-91c9-bd68c8c57a90","0d24d7f4-0630-4595-82af-51b05833bc64","8b863a3e-7078-4f63-950c-038c54b375c1","CONSULT_SCHEDULED","MEDICAL","5",NULL,NULL,NULL,"1",NULL,NULL,NULL,NULL,NULL,"2025-09-12 02:35:46"
"fb18252d-6b01-4207-9217-bd7e8c2faff8","d041e854-aaf8-4491-a4ac-0dd4d44d4c9c","0a800f87-8243-44f1-b7fd-0c761f0e1275","RETAINER_OUT","OTHER","2",NULL,NULL,NULL,"1",NULL,NULL,NULL,NULL,NULL,"2025-09-12 02:35:44"
"fb773664-f56c-42a1-b7dd-821e40f029dc","0d24d7f4-0630-4595-82af-51b05833bc64","80358de1-eba9-4a81-90a2-8fd0e3be074d","CONSULT_SCHEDULED","WORKLOSS","1",NULL,NULL,NULL,"1",NULL,NULL,NULL,NULL,NULL,"2025-09-12 02:35:46"
"id","firm_id","name","description","active","created_at"
"id","firm_id","from_question_id","condition_expression","next_question_id","priority","metadata","created_at"
"id","case_type_id","firm_id","question_text","question_type","display_order","conditions","validation_rules","created_by","version","active","created_at"
"id","lead_id","employer_name","employer_address","employee_count","hire_date","end_date","job_title","pay_structure","benefits","personnel_file_possession"
"id","lead_id","initial_reason_for_care","onset_of_problem","first_discussion_with_provider","alleged_error_description","providers_named","opinions_of_error_by_others","records_possession","date_of_discovery_optional"
"task_id","firm_id","lead_id","title","due_at","assignee_user_id","status","sla_flag","created_at"
"transcript_id","lead_id","raw_text","structured_json","checksum","created_at"
"0abf1177-4143-4303-9d68-fb92c884994a","09eb3506-229a-4b47-b3ec-ca9f7ff61637","[0s] AGENT: Thanks for calling KGG! How may I assist you today?
[5s] USER: I am calling because I was in a car accident.
[8s] AGENT: I'm so sorry to hear you were in a car accident. I can help with a brief intake to see if our firm can assist. This call is for information collection only and does not create an attorney-client relationship. I cannot provide legal advice. Is now a good time to proceed?
[26s] USER: Yes.
[30s] AGENT: Great. I'll ask a few questions to understand your situation. May I continue?
[36s] USER: Yes.
[40s] AGENT: Thank you. Could I get your full name, please?
[43s] USER: Greg Kent.
[46s] AGENT: Thank you, Greg. And what is the best phone number to reach you?
[50s] USER: 313-588-6250
[56s] AGENT: And your email address?
[58s] USER: gregory.kent at yahoo.com
[62s] AGENT: Thank you. Could I also get your mailing address?
[69s] USER: 3303 Royal Oak, Michigan 48073
[77s] AGENT: And your date of birth?
[85s] USER: ...
[86s] AGENT: Greg, are you...
[86s] USER: September 7th, 1990
[91s] AGENT: Thank you. And how did you hear about our firm?
[98s] USER: That doesn't matter.
[101s] AGENT: I understand. It helps us track our outreach. If you're not comfortable sharing, we can proceed.
[114s] USER: ...
[115s] AGENT: Greg, I need to ask you to...
[116s] USER: Proceed
[118s] AGENT: Thank you. Now, could you please describe what happened in the car accident in your own words?
[125s] USER: I was driving on telegraph in Southfield and somebody rear-ended me at a red light
[131s] AGENT: I'm sorry you were in an accident. Can you tell me the date of the...","{""contact"": {""full_name"": ""Greg Kent"", ""phone"": ""+13135886250"", ""email"": ""situ@ion.May"", ""dob"": null, ""address"": """"}, ""incident"": {""date"": null, ""location"": ""Southfield"", ""description"": ""I am calling because I was in a car accident. I was driving on telegraph in Southfield and somebody rear-ended me at a red light"", ""injuries"": [], ""police_report"": false}, ""defendant"": {""other_party_insurance"": null, ""driver_at_fault"": ""other_party""}, ""scenario"": ""MOTOR_VEHICLE""}",NULL,"2025-10-10 00:30:15"
"6a5dde06-e210-4095-b69c-0b1c979f4f66","f62adafa-f685-417f-a806-b570ddb75ba1","[0s] AGENT: Thanks for calling KGG! How may I assist you today?","{""contact"": {""full_name"": """", ""phone"": ""+12486717803"", ""email"": """", ""dob"": null, ""address"": """"}, ""incident"": {""date"": null, ""location"": """", ""description"": """", ""injuries"": [], ""police_report"": false}, ""defendant"": {""other_party_insurance"": null, ""driver_at_fault"": ""unknown""}, ""scenario"": ""OTHER""}",NULL,"2025-10-10 00:30:15"
"user_id","firm_id","email","name","role","password_hash","created_at"
"2c7f765b-1bea-4d76-84f7-4fe409814926","f9d3effa-d1c9-4d1e-abc8-7c0365c8ddfd","admin+f9d3ef@kimai.local","Admin f9d3","ADMIN","$2b$10$r/Xfgk0yKbkOV4/b3H/YtejOM7Z3U6dgQC33ySVq.bP3rZ6x.eUbW","2025-09-12 02:35:41"
"4198e6ba-4096-48e6-a881-c0e43fbf7464","eadbdc37-ad9d-4ef7-aa72-74ac987129fa","admin+eadbdc@kimai.local","Admin eadb","ADMIN","$2b$10$aKqHSGDtK1MWyiJ25mpB0OFW7qhsxU0.sI43Pf77at4c6Lhvnvt.G","2025-09-12 02:35:41"
"6a0cdd66-41c1-4e3f-a149-c83a5b91f434","0561ef24-545d-4297-8239-b127426300f2","theshadedabes@gmail.com","Gregg Kent","ADMIN","$2b$10$iP3eg5WtvzYLJ/d9r/TIG.9ep6FjMm2mIbAXVsCQNacjkiwwdFEsm","2025-09-12 17:43:28"
"dd35a665-fe20-4709-b39b-047dd0b37e4b","0d24d7f4-0630-4595-82af-51b05833bc64","admin+0d24d7@kimai.local","Admin 0d24","ADMIN","$2b$10$JOaR07loBt2Cpg3gs8uCoOUr4kcrCmvLZg1U.RiiVxQpeft312uOW","2025-09-12 02:35:41"
"f620c656-fd86-4f80-92fe-e835a6e306b4","d041e854-aaf8-4491-a4ac-0dd4d44d4c9c","admin+d041e8@kimai.local","Admin d041","ADMIN","$2b$10$oq03SEwC5CZugjaGvOW/O.kwifuMbUnnEyFZHg7MWgOnhWX1rGRVy","2025-09-12 02:35:41"
"faf88aba-9c6e-4fb3-a120-9130a8db063f","4c16f09c-af95-4b6c-a5d6-6f45d5df9f74","admin+4c16f0@kimai.local","Admin 4c16","ADMIN","$2b$10$ft/E.dWLC2jjmx/PeLs1lOxV7R3giPkpDsa30eR5v9aqPxqrT0vpC","2025-09-12 02:35:41"
"id","filename","checksum","applied_at"
"1","001_init.sql","8386f52efc1b2c5aa55cf73afc94e75273ef926e1e86276f71bc9b18ff97218d","2025-09-12 02:35:32"
"2","002_knowledge.sql","2a4736cf11b5d5c0f4f937959a2c26d9c87ef939e9a4f2da8c8d8ef10d987cd1","2025-09-20 17:50:29"
